coming_soon,is_free,discount_pct,platforms_win,platforms_mac,platforms_linux,metacritic_score,avg_playtime_forever,avg_playtime_2weeks,median_playtime,peak_ccu,required_age,dlc_count,achievements,publishing_model,genre_count,release_year,approval_rating,price_usd
False,False,0,True,False,False,,15,0,15,0,0,0,5,Publisher-Backed,1,2018,0.9032258064516129,14.99
False,False,0,True,False,False,,344,0,405,276,17,1,56,Self-Published,1,2025,0.8655256723716381,29.99
False,False,0,True,True,True,,244,0,273,0,0,0,32,Self-Published,1,2018,0.7146596858638743,4.99
False,False,0,True,True,True,,212,0,153,7,0,0,20,Publisher-Backed,1,2018,0.9326040931545518,0.99
False,False,0,True,False,False,74.0,1527,52,488,112,0,6,109,Publisher-Backed,1,2018,0.7023942438903362,19.99
False,False,0,True,False,False,79.0,147,0,184,5,0,4,34,Publisher-Backed,1,2018,0.9153160453808752,19.99
False,False,67,True,False,False,,1098,0,434,283,0,9,25,Self-Published,1,2018,0.8067500483527819,9.89
False,False,90,True,True,True,,751,150,347,979,0,18,83,Publisher-Backed,1,2020,0.8811121049493142,1.49
False,False,88,True,False,False,,1332,824,465,469,0,1,72,Publisher-Backed,1,2022,0.7287998594271657,4.79
False,False,0,True,True,True,,1408,0,507,214,0,0,74,Self-Published,1,2018,0.9728964401294499,9.99
False,False,0,True,True,True,,43,0,20,0,0,2,42,Self-Published,1,2018,0.6629303442754203,19.99
False,False,0,True,False,False,,1397,190,367,84,0,0,0,Self-Published,1,2018,0.8206706625627733,14.99
False,False,0,True,False,False,,2298,765,465,39502,17,0,77,Publisher-Backed,1,2018,0.6906640897621732,29.99
False,False,90,True,True,True,81.0,396,0,266,27,0,4,47,Self-Published,1,2018,0.935129740518962,1.49
False,False,0,True,False,False,,388,0,265,41,0,1,0,Self-Published,1,2018,0.9707859186797099,5.99
False,False,0,True,False,False,73.0,189,0,136,1,0,1,50,Publisher-Backed,1,2018,0.7942925089179548,9.99
False,False,0,True,True,False,60.0,222,0,190,6,0,4,24,Publisher-Backed,1,2018,0.6976559396106476,14.99
False,False,0,True,False,False,,4028,0,3596,233,17,1,56,Publisher-Backed,1,2018,0.9441690581789721,59.99
False,False,0,True,True,True,,336,0,155,8,0,6,65,Publisher-Backed,1,2018,0.9386671548883193,24.99
False,False,0,True,False,False,,354,0,53,6,17,0,0,Self-Published,1,2018,0.7596229379418696,9.99
False,False,0,True,False,False,,1308,48,551,260,0,12,104,Publisher-Backed,1,2018,0.912055619266055,19.99
False,False,0,True,True,False,,847,34,202,357,0,0,0,Self-Published,1,2018,0.9638589332556106,29.99
False,False,0,True,False,False,,304,2182,127,3,0,0,52,Publisher-Backed,1,2018,0.685069008782936,4.99
False,False,0,True,False,False,,114,0,100,4,0,0,24,Publisher-Backed,1,2018,0.8144499178981938,14.99
False,False,0,True,False,False,,686,289,396,140,0,2,23,Self-Published,1,2018,0.9800552775080302,39.99
False,False,0,True,False,False,,196,0,5,25,0,0,0,Publisher-Backed,1,2018,0.8859649122807017,4.99
False,False,50,True,False,False,,2700,331,2079,596,0,0,71,Publisher-Backed,1,2018,0.8175212503427475,14.99
False,False,0,True,False,False,,1441,0,247,37,0,2,29,Self-Published,1,2018,0.6599595039230575,29.99
False,False,0,True,True,True,72.0,470,0,221,105,0,2,62,Publisher-Backed,1,2018,0.8836731012087318,29.99
False,False,0,True,False,False,65.0,762,0,228,46,17,3,50,Publisher-Backed,1,2018,0.7448061508261083,14.99
False,False,0,True,False,False,,772,353,479,318,0,20,20,Publisher-Backed,1,2018,0.7779208073734617,29.99
False,False,0,True,False,False,,1737,37,1629,3605,0,0,0,Self-Published,1,2018,0.9430217669654289,34.99
False,False,0,True,False,False,,248,0,219,0,0,0,17,Publisher-Backed,1,2018,0.49063670411985016,0.99
False,False,0,True,True,True,86.0,219,0,169,16,0,0,58,Publisher-Backed,1,2018,0.9695740365111561,14.99
False,False,0,True,False,False,,1083,0,956,59,0,1,51,Publisher-Backed,1,2018,0.8987597735238608,49.99
False,False,30,True,True,True,,2550,893,1002,6389,0,3,177,Self-Published,1,2018,0.9665034099855829,3.49
False,False,0,True,False,False,,620,0,90,3,0,1,35,Publisher-Backed,1,2018,0.6251700680272109,9.99
False,False,50,True,False,False,,0,0,0,0,0,0,0,Publisher-Backed,1,2018,0.875,8.99
False,False,0,True,False,True,80.0,948,0,301,13,0,2,0,Self-Published,1,2013,0.8731275533363595,19.99
False,False,0,True,False,False,,168,0,120,44,0,10,30,Publisher-Backed,1,2018,0.9202035597117099,19.99
False,False,0,True,True,True,77.0,657,102,610,35,17,5,34,Publisher-Backed,1,2018,0.9328024025956614,16.99
False,False,94,True,True,False,,473,0,155,2,0,0,56,Publisher-Backed,1,2018,0.7195876288659794,0.77
False,False,0,True,True,True,80.0,79,0,27,3,0,0,38,Publisher-Backed,1,2018,0.8787304594978683,4.99
False,False,0,True,True,True,85.0,860,18,477,36,0,0,29,Self-Published,1,2018,0.9267738269199546,14.99
False,False,0,True,False,False,,168,0,173,0,0,0,10,Publisher-Backed,1,2018,0.584958217270195,4.99
False,False,35,True,False,False,,1189,0,676,220,0,1,155,Publisher-Backed,1,2018,0.9016640908600798,9.74
False,False,0,True,True,False,72.0,684,0,181,99,0,6,88,Publisher-Backed,1,2018,0.8753514526710403,34.99
False,False,0,True,True,False,,84,0,47,20,0,0,14,Publisher-Backed,1,2018,0.877838360135275,14.99
False,False,15,True,False,False,,356,0,274,70,0,0,34,Self-Published,1,2018,0.953021010048284,5.94
False,False,0,True,False,False,,386,0,115,2,0,0,20,Self-Published,1,2018,0.5460664074184864,3.99
False,False,0,True,False,False,,776,1,554,731,0,0,13,Self-Published,1,2018,0.9759355454256334,4.99
False,False,60,True,False,False,,8034,2559,893,8535,0,15,69,Self-Published,1,2018,0.7465905543415243,17.99
False,False,0,True,False,False,,0,0,0,0,0,0,0,Publisher-Backed,1,2018,0.7,9.99
False,False,0,True,False,False,86.0,915,108,352,1173,0,5,50,Publisher-Backed,1,2018,0.9544709354068106,29.99
False,False,0,True,True,True,74.0,117,0,111,1,0,0,20,Publisher-Backed,1,2018,0.8705855018587361,9.99
False,False,0,True,True,False,,1209,424,683,507,0,0,0,Self-Published,1,2018,0.9394076418720325,14.99
False,False,0,True,False,False,,430,0,423,15,0,0,64,Publisher-Backed,1,2018,0.4852941176470588,5.99
False,False,0,True,False,False,84.0,861,0,745,48,0,1,56,Publisher-Backed,1,2018,0.891597510373444,19.99
False,False,0,True,True,True,71.0,2112,0,502,91,0,0,53,Publisher-Backed,1,2018,0.8332400671516508,29.99
False,False,65,True,True,False,,641,57,510,38,0,1,22,Self-Published,1,2018,0.8530878404296126,1.74
False,False,90,True,False,False,62.0,114,0,104,3,0,0,74,Publisher-Backed,1,2018,0.33985330073349634,2.99
False,False,0,True,False,False,80.0,11882,4204,300,14345,0,3,0,Self-Published,1,2017,0.7411037862837815,9.99
False,False,0,True,True,False,69.0,20315,1157,3043,143870,0,5,102,Self-Published,1,2018,0.8724132257791273,39.99
False,False,0,True,False,False,,878,14,148,252,0,0,284,Publisher-Backed,1,2018,0.8947291575412469,29.99
False,False,0,True,False,False,76.0,274,0,152,18,0,2,42,Publisher-Backed,1,2018,0.8292924294903513,24.99
False,False,0,True,False,False,,229,0,234,0,0,0,12,Publisher-Backed,1,2018,0.6515151515151515,1.99
False,False,0,True,False,True,84.0,928,242,527,907,0,0,50,Self-Published,1,2018,0.9519864048929855,19.99
False,False,0,True,False,False,79.0,487,44,484,21,0,1,70,Self-Published,1,2018,0.945424013434089,14.99
False,False,0,True,True,False,84.0,1216,0,196,67,0,1,17,Publisher-Backed,1,2018,0.9635221934617966,14.99
False,False,0,True,False,False,67.0,2201,0,934,208,0,22,95,Self-Published,1,2018,0.7590070921985815,49.99
False,False,60,True,True,True,,762,100,276,402,0,4,47,Publisher-Backed,1,2018,0.9222797927461139,7.19
False,False,0,True,False,False,,272,0,212,0,0,0,0,Publisher-Backed,1,2018,0.5652173913043478,9.99
False,False,0,True,False,False,71.0,268,0,366,4,0,0,38,Publisher-Backed,1,2018,0.6849019607843138,39.99
False,False,0,True,True,False,68.0,128,0,60,6,0,0,28,Publisher-Backed,1,2018,0.9200290803344239,6.99
False,False,0,True,True,True,80.0,463,27,158,215,0,1,14,Self-Published,1,2018,0.9645283979694139,14.99
False,False,0,True,False,False,,503,0,734,1,0,2,18,Self-Published,1,2018,0.6730937773882559,19.99
False,False,0,True,False,False,,525,0,567,10,0,0,0,Publisher-Backed,1,2018,0.7824310520939735,5.99
False,False,80,True,False,False,,0,0,0,0,0,0,0,Self-Published,1,2018,0.6666666666666666,0.99
False,False,0,True,False,False,,1304,0,491,384,0,6,53,Publisher-Backed,1,2018,0.909753451899392,19.99
False,False,0,True,True,True,80.0,287,0,262,12,0,2,1,Self-Published,1,2018,0.9587191030323622,9.99
False,False,0,True,True,True,76.0,223,0,220,9,0,0,14,Self-Published,1,2015,0.8283082077051926,14.99
False,False,0,True,False,False,90.0,538,0,193,109,17,0,50,Publisher-Backed,1,2018,0.9255344869270887,19.99
False,False,80,True,True,True,77.0,195,0,85,4,0,1,23,Self-Published,1,2018,0.872445117335352,3.99
False,True,0,True,False,False,,290,0,182,32,0,43,20,Self-Published,1,2021,0.5439074200136147,59.99
False,False,75,True,False,False,,696,160,285,76,0,10,70,Publisher-Backed,1,2018,0.8914311863631164,4.99
False,False,0,True,False,False,79.0,2765,0,1674,283,0,6,38,Publisher-Backed,1,2018,0.8661094723041626,59.99
False,False,0,True,False,False,,0,0,0,0,0,0,20,Publisher-Backed,1,2018,0.9310344827586207,1.99
False,False,75,True,True,True,88.0,2119,0,1189,233,17,10,55,Publisher-Backed,1,2018,0.8803549733241772,9.99
False,False,0,True,True,True,84.0,1493,0,267,195,0,3,29,Publisher-Backed,1,2018,0.9397114861186717,14.99
False,False,0,True,True,True,69.0,486,0,90,1,0,0,30,Self-Published,1,2018,0.8975741239892183,14.99
False,False,70,True,False,False,81.0,736,0,282,106,0,1,0,Self-Published,1,2018,0.955744164898454,1.79
False,False,0,True,True,False,,119,0,200,7,0,1,21,Publisher-Backed,1,2018,0.9754509949786127,3.99
False,False,0,True,False,False,83.0,445,0,100,29,13,0,0,Self-Published,1,2018,0.8210652304009575,8.99
False,False,20,True,False,False,,663,156,611,29,0,1,116,Self-Published,1,2018,0.8474987858183585,3.99
False,False,0,True,True,False,44.0,227,0,212,4,0,0,11,Publisher-Backed,1,2018,0.7172932330827068,19.99
False,False,0,True,True,True,78.0,98,0,42,0,0,0,22,Self-Published,1,2018,0.8857994041708044,9.99
False,False,75,True,False,False,,701,378,485,161,0,3,38,Self-Published,1,2018,0.8568486828090606,7.49
False,False,0,True,False,False,,203,0,245,24,0,0,0,Publisher-Backed,1,2018,0.3090909090909091,1.99
False,False,0,True,False,False,61.0,264,0,174,27,16,0,71,Self-Published,1,2019,0.7756126365515206,9.99
False,False,0,True,False,False,,549,0,348,33,0,0,56,Publisher-Backed,1,2018,0.6216325978069581,19.99
False,False,0,True,False,False,,614,0,143,49,0,3,30,Publisher-Backed,1,2018,0.821891033471781,29.99
False,False,0,True,False,False,,442,0,142,11,0,11,1,Publisher-Backed,1,2018,0.2461272191377065,1.99
False,False,0,True,True,True,76.0,470,0,245,31,0,0,0,Publisher-Backed,1,2018,0.884247496637274,14.99
False,False,0,True,False,False,,295,0,29,15,0,0,0,Publisher-Backed,1,2018,0.878021978021978,6.99
False,False,0,True,False,True,,0,0,0,0,0,0,8,Self-Published,1,2018,0.95,4.99
False,False,0,True,True,False,,1130,477,467,1039,0,1,0,Publisher-Backed,1,2018,0.7933266216021861,39.99
False,False,90,True,True,False,,368,0,123,243,0,2,33,Publisher-Backed,1,2018,0.882536934119027,1.99
False,False,0,True,True,True,,116,0,14,66,0,0,0,Self-Published,1,2018,0.8699931334401465,4.99
False,False,0,True,False,False,93.0,711,26,317,99,0,2,43,Publisher-Backed,1,2018,0.9490670700958144,39.99
False,False,0,True,True,False,,96,0,57,0,0,0,11,Publisher-Backed,1,2018,0.8353115727002968,5.99
False,False,0,True,False,False,,1194,278,398,618,0,19,41,Publisher-Backed,1,2018,0.602846315110466,69.99
False,False,0,True,False,False,,1374,336,647,3743,0,8,27,Self-Published,1,2018,0.9339416930521537,39.99
False,False,0,True,False,False,85.0,476,31,193,77,17,0,0,Publisher-Backed,1,2018,0.7658727801864941,9.99
False,False,0,True,True,False,,529,64,184,672,0,1,39,Publisher-Backed,1,2018,0.9000410285609023,2.99
False,False,0,True,False,False,,2699,13,563,2818,0,0,0,Publisher-Backed,1,2010,0.9763661721820718,19.99
False,False,0,True,True,True,63.0,300,0,308,10,0,0,0,Self-Published,1,2018,0.8727329096264145,4.99
False,False,0,True,False,False,,311,0,318,2,0,1,52,Self-Published,1,2018,0.6455223880597015,1.99
False,False,0,True,False,False,,621,1,592,160,0,2,21,Publisher-Backed,1,2018,0.9737720420537354,14.99
False,False,0,True,False,False,,26016,0,33638,172,0,1,100,Self-Published,1,2018,0.4378698224852071,9.99
False,False,0,True,False,False,,0,0,0,0,0,0,64,Self-Published,1,2018,1.0,12.99
False,False,84,True,False,False,81.0,2024,0,707,93,0,4,63,Publisher-Backed,1,2018,0.8385087393082931,9.59
False,False,0,True,True,True,81.0,244,0,248,81,0,1,10,Publisher-Backed,1,2018,0.9042327340277317,19.99
False,False,0,True,False,False,,1112,0,644,178,0,0,47,Publisher-Backed,1,2018,0.742944651061037,22.99
False,False,0,True,True,True,80.0,64,0,40,2,0,0,0,Publisher-Backed,1,2018,0.7581174753739511,9.99
False,False,0,True,True,False,83.0,382,169,307,82,0,1,22,Publisher-Backed,1,2018,0.9803430468980849,14.99
False,False,0,True,False,False,,521,0,496,119,0,0,26,Self-Published,1,2018,0.8318440292445166,19.99
False,False,94,True,True,True,75.0,331,0,147,138,1,2,60,Publisher-Backed,1,2018,0.9170000360399323,0.83
False,False,75,True,True,False,93.0,4374,227,1794,3510,0,3,97,Self-Published,1,2018,0.958143106604111,11.24
False,False,0,True,False,False,86.0,852,182,623,566,17,1,70,Self-Published,1,2018,0.8715312417289329,19.99
False,False,80,True,True,True,,1487,0,782,232,0,1,137,Publisher-Backed,1,2018,0.701844914116067,7.99
False,False,75,True,False,False,83.0,437,0,198,73,17,1,14,Publisher-Backed,1,2018,0.9011868466898955,7.49
False,False,20,True,False,False,,2458,3,536,268,0,0,0,Publisher-Backed,1,2018,0.9750354300664995,15.99
False,False,0,True,False,False,84.0,2464,265,1751,2879,17,0,41,Publisher-Backed,1,2018,0.9215229816162538,39.99
False,False,0,True,True,True,,332,0,383,0,0,1,36,Self-Published,1,2018,0.8783739837398374,2.99
False,False,0,True,False,False,,0,0,0,0,0,0,0,Publisher-Backed,1,2018,0.6666666666666666,9.99
False,False,0,True,False,False,76.0,257,0,181,3,0,0,0,Publisher-Backed,1,2018,0.8584873949579832,9.99
False,False,0,True,False,False,,0,0,0,0,0,0,0,Publisher-Backed,1,2018,0.6666666666666666,6.99
False,False,0,True,True,False,,191,0,212,0,0,0,5,Publisher-Backed,1,2018,0.4519230769230769,0.99
False,False,0,True,False,False,,0,0,0,0,0,0,0,Self-Published,1,2018,0.6666666666666666,4.99
False,False,0,True,False,False,,387,0,187,31,0,0,25,Self-Published,1,2018,0.9124162144909033,19.99
False,False,0,True,False,False,,268,0,275,0,0,0,0,Self-Published,1,2018,0.6791383219954649,1.99
False,False,0,True,True,True,,238,0,271,3,0,1,27,Self-Published,1,2018,0.9236311239193083,9.99
False,False,40,True,True,False,82.0,385,88,330,498,0,1,24,Publisher-Backed,1,2018,0.9725746614136022,17.99
False,False,0,True,False,False,,36715,0,189,0,0,0,9,Publisher-Backed,1,2016,0.833164812942366,1.99
False,False,0,True,False,False,,161,0,206,2,0,0,49,Publisher-Backed,1,2022,0.9335537190082644,10.99
False,False,90,True,True,True,,961,0,1093,8,0,1,44,Publisher-Backed,1,2019,0.8678970373967946,2.49
False,False,0,True,True,True,90.0,576,19,314,134,0,2,131,Publisher-Backed,1,2018,0.9708717606309728,17.99
False,False,80,True,False,False,,198,0,160,17,0,1,40,Publisher-Backed,1,2018,0.8847517730496454,2.99
False,False,80,True,False,False,77.0,596,239,205,251,0,2,90,Publisher-Backed,1,2018,0.7505952380952381,3.99
False,False,0,True,False,False,,277,37,169,24,0,6,41,Self-Published,1,2018,0.8888485477178423,19.99
False,False,0,True,False,True,,163,1,89,291,0,1,0,Self-Published,1,2018,0.9756613756613757,14.99
False,False,80,True,True,True,73.0,336,0,273,8,0,1,45,Self-Published,1,2018,0.8361291937906861,2.99
False,False,0,True,True,True,80.0,234,271,105,2,0,2,27,Publisher-Backed,1,2018,0.8860544217687075,9.99
False,False,0,True,True,False,,371,0,361,5,0,0,32,Publisher-Backed,1,2018,0.8881764555014107,6.99
False,False,0,True,False,False,,1341,0,565,69,0,1,133,Self-Published,1,2018,0.9866143137604855,24.99
False,False,0,True,False,False,,13481,844,1448,44886,17,37,297,Self-Published,1,2018,0.7905297936820134,19.99
False,False,0,True,False,False,70.0,921,0,1734,1,17,2,52,Publisher-Backed,1,2018,0.6153846153846154,29.99
False,False,0,True,False,False,,118,0,104,1,0,0,0,Self-Published,1,2009,0.6434892541087232,4.99
False,False,0,True,False,False,91.0,2208,889,1819,27880,17,4,55,Publisher-Backed,1,2018,0.9566251170833634,49.99
False,False,0,True,False,False,,263,0,130,2,0,0,640,Self-Published,1,2018,0.9725510602315598,1.99
False,False,0,True,False,False,,614,0,427,25,0,0,51,Publisher-Backed,1,2019,0.7364804302360323,39.99
False,False,0,True,False,False,,33,0,28,3,0,0,0,Self-Published,1,2018,0.9689285356319535,1.99
False,False,90,True,False,False,,337,0,344,0,0,0,0,Publisher-Backed,1,2018,0.4411764705882353,0.49
False,False,0,True,False,False,63.0,451,0,164,7,0,0,0,Publisher-Backed,1,2018,0.55783212161269,19.99
False,False,0,True,False,False,68.0,1321,0,1040,3,0,10,49,Publisher-Backed,1,2018,0.5853504525363081,29.99
False,False,0,True,False,False,92.0,6145,383,1057,14920,0,9,43,Self-Published,1,2018,0.851515900187061,39.99
False,False,0,True,False,False,,619,0,920,71,0,2,84,Self-Published,1,2018,0.758046614872364,24.99
False,False,0,True,False,False,,102,0,42,10,0,0,92,Publisher-Backed,1,2018,0.7613953488372093,7.99
False,False,0,True,False,False,59.0,202,0,155,43,0,0,0,Publisher-Backed,1,2018,0.6350839198700595,19.99
False,False,0,True,True,True,,163,0,107,7,0,1,15,Publisher-Backed,1,2018,0.8852768852768853,4.99
False,False,0,True,False,False,,254,18,75,80,17,0,13,Publisher-Backed,1,2018,0.9558951018638925,9.99
False,False,0,True,True,True,88.0,3574,440,564,1844,0,2,0,Publisher-Backed,1,2018,0.9522027020650823,39.99
False,False,0,True,True,False,86.0,192,0,187,11,0,0,13,Self-Published,1,2018,0.8958076448828607,9.99
False,False,0,True,True,True,,390,0,261,29,0,1,30,Self-Published,1,2018,0.9267399267399268,9.99
False,False,0,True,False,False,,806,0,292,62,0,1,19,Self-Published,1,2018,0.8787037037037037,16.99
False,False,0,True,False,False,,291,331,286,2861,0,0,5,Publisher-Backed,1,2018,0.3713784021071115,4.99
False,False,0,True,False,False,70.0,1001,0,440,52,0,3,64,Publisher-Backed,1,2018,0.7650194117259985,39.99
False,False,0,True,True,True,90.0,1173,0,448,285,0,1,70,Self-Published,1,2018,0.9460823110407598,14.99
False,False,0,True,False,False,82.0,313,0,160,25,0,0,0,Self-Published,1,2011,0.8827914353687549,12.99
False,False,0,True,False,False,,323,0,253,1,0,2,52,Self-Published,1,2018,0.7367205542725174,9.99
False,False,0,True,False,False,,1447,0,15,217,0,0,0,Publisher-Backed,1,2018,0.9418803418803419,24.99
False,False,0,True,False,False,,320,0,105,13,0,1,59,Publisher-Backed,1,2018,0.9410604192355118,3.49
False,False,0,True,True,False,,287,0,293,1,0,2,59,Publisher-Backed,1,2018,0.823086574654956,14.99
False,False,0,True,True,True,84.0,36,0,24,0,0,1,30,Publisher-Backed,1,2018,0.9372093023255814,1.99
False,False,0,True,False,False,90.0,857,0,22,1383,0,0,0,Publisher-Backed,1,2018,0.8968330797953257,4.99
False,False,0,True,True,True,64.0,306,0,322,39,17,3,27,Publisher-Backed,1,2018,0.9014902096690348,9.99
False,False,0,True,True,True,64.0,245,0,230,19,0,3,42,Publisher-Backed,1,2018,0.7307244351269508,34.99
False,False,0,True,True,True,69.0,508,0,203,2,0,5,187,Self-Published,1,2018,0.8375900458415193,9.99
False,False,0,True,False,False,,147,0,73,4,0,2,24,Publisher-Backed,1,2018,0.8159827636862207,9.99
False,False,0,True,False,False,,6976,0,1108,35,0,1,29,Self-Published,1,2018,0.5246364414029084,17.99
False,False,0,True,True,True,,369,0,276,1,0,0,8,Self-Published,1,2016,0.9296680497925311,9.99
False,False,0,True,False,False,,288,0,156,2,0,1,36,Self-Published,1,2018,0.8728149487643159,9.99
False,False,0,True,False,False,,2986,128,667,1044,0,0,77,Self-Published,1,2018,0.9458498369696041,14.99
False,False,86,True,False,False,76.0,262,0,243,3,0,0,16,Self-Published,1,2018,0.9318738768175134,0.69
False,False,0,True,True,False,86.0,717,44,497,556,17,0,50,Publisher-Backed,1,2018,0.9609123542935506,19.99
False,False,0,True,False,False,,225,0,216,0,0,0,3,Self-Published,1,2018,0.5167883211678832,0.99
False,False,0,True,False,False,,202,0,219,3,0,0,0,Publisher-Backed,1,2016,0.4769736842105263,1.99
False,False,0,True,True,False,,614,150,270,555,0,0,24,Self-Published,1,2018,0.9518522559877789,5.99
False,False,0,True,False,False,72.0,188,0,193,6,17,2,35,Self-Published,1,2018,0.8692038495188101,19.99
False,False,50,True,False,False,81.0,3835,250,1248,7084,0,7,165,Publisher-Backed,1,2018,0.8601335476690986,19.99
False,False,0,True,False,False,64.0,180,0,133,13,0,0,16,Publisher-Backed,1,2018,0.5746624305003971,24.99
False,False,85,True,False,False,,395,0,42,22,0,0,0,Publisher-Backed,1,2018,0.8454166666666667,2.99
False,False,0,True,False,False,,184,0,205,0,0,0,0,Publisher-Backed,1,2018,0.4900900900900901,2.99
False,False,0,True,False,False,,743,0,532,26,17,2,0,Publisher-Backed,1,2018,0.6562609610662925,39.99
False,False,0,True,False,False,82.0,475,0,560,19,0,2,12,Self-Published,1,2018,0.9316588785046729,19.99
False,False,0,True,False,False,,1045,37,704,174,0,2,37,Self-Published,1,2018,0.9141957491472055,17.99
False,False,50,True,False,False,,1441,49,1439,506,0,37,57,Publisher-Backed,1,2018,0.4756134201301953,34.99
False,False,0,True,False,False,,0,0,0,0,0,0,0,Publisher-Backed,1,2018,0.0,10.99
False,False,0,True,False,True,80.0,470,54,300,17,0,1,29,Self-Published,1,2015,0.9094656992084432,19.99
False,False,0,True,False,False,,215,0,211,0,0,1,12,Publisher-Backed,1,2018,0.705,29.99
False,False,0,True,False,False,,221,0,60,59,0,5,97,Publisher-Backed,1,2018,0.861165319208252,1.99
False,False,0,True,False,False,75.0,530,0,191,76,17,10,35,Self-Published,1,2018,0.8217573221757322,29.99
False,False,70,True,False,False,,483,0,196,27,0,2,38,Publisher-Backed,1,2018,0.718034617532105,11.99
False,False,0,True,False,False,82.0,1041,0,685,40,0,1,89,Publisher-Backed,1,2018,0.9038171481610395,19.99
False,False,85,True,False,False,78.0,588,89,576,686,17,1,43,Publisher-Backed,1,2018,0.8681054110879914,5.99
False,False,0,True,False,False,,0,0,0,0,0,16,29,Publisher-Backed,1,2018,0.0,24.99
False,False,0,True,True,False,,2680,0,1154,1185,0,1,71,Self-Published,1,2018,0.9693222726561277,6.99
False,False,0,True,False,False,24.0,214,0,91,7,0,1,35,Publisher-Backed,1,2018,0.451095166163142,5.99
False,False,0,True,False,False,73.0,270,0,164,42,0,0,5,Self-Published,1,2018,0.9778942649239577,4.99
False,False,0,True,False,False,75.0,3591,715,561,4508,17,5,307,Self-Published,1,2018,0.8775006699982659,29.99
False,False,0,True,False,False,82.0,938,0,718,37,0,2,40,Publisher-Backed,1,2018,0.92181146025878,29.99
False,False,75,True,False,False,,1937,0,855,60,0,0,42,Publisher-Backed,1,2018,0.4979645008956196,4.99
False,False,0,True,False,False,,529,0,372,298,17,3,35,Publisher-Backed,1,2018,0.693582258325064,59.99
False,False,0,True,False,False,,0,0,0,0,0,0,0,Publisher-Backed,1,2018,0.5,7.99
False,False,0,True,True,True,84.0,358,0,52,8,0,0,22,Self-Published,1,2018,0.8744619799139168,11.99
False,False,0,True,False,False,,0,0,0,0,0,0,0,Self-Published,1,2018,0.7777777777777778,0.99
False,False,0,True,False,False,,211,0,127,5,0,0,44,Publisher-Backed,1,2018,0.8218724109362054,29.99
False,False,0,True,False,False,,2389,0,264,83,0,2,32,Publisher-Backed,1,2018,0.7719676549865229,29.99
False,False,0,True,True,False,,1096,567,705,499,0,0,59,Self-Published,1,2018,0.9100211541299749,6.99
False,False,0,True,False,False,83.0,227,0,248,25,0,1,21,Self-Published,1,2018,0.9307307307307308,24.99
False,False,0,True,True,False,,306,0,317,1,0,0,0,Publisher-Backed,1,2018,0.2807017543859649,1.99
False,False,0,True,True,True,71.0,269,0,242,63,17,2,0,Publisher-Backed,1,2018,0.7943573667711599,9.99
False,False,0,True,True,True,,36,0,31,0,0,1,8,Self-Published,1,2018,0.8,2.99
False,False,0,True,True,False,,1,0,1,5,0,0,0,Publisher-Backed,1,2018,0.7701149425287356,9.99
False,False,90,True,True,True,,247,0,244,0,0,0,32,Publisher-Backed,1,2018,0.6535031847133758,0.49
False,False,0,True,False,False,,2117,0,24,49,0,0,0,Publisher-Backed,1,2018,0.9481442484864439,4.99
False,False,0,True,True,True,75.0,304,0,130,5,0,3,40,Self-Published,1,2018,0.7146681965959074,29.99
False,False,0,True,False,False,59.0,208,0,154,20,0,0,58,Self-Published,1,2018,0.8110318592486924,9.99
False,False,50,True,True,False,72.0,688,425,602,958,0,8,101,Publisher-Backed,1,2018,0.8787685181487841,9.99
False,False,0,True,False,False,81.0,936,0,138,61,0,1,12,Publisher-Backed,1,2018,0.9031960461285008,16.99
False,False,0,True,False,True,,295,0,143,55,0,3,20,Self-Published,1,2018,0.90406162464986,24.99
False,False,0,True,False,False,74.0,490,0,152,118,0,0,0,Publisher-Backed,1,2018,0.8791415662650602,9.99
False,False,0,True,False,False,,0,0,0,0,0,0,0,Publisher-Backed,1,2018,0.6896551724137931,2.99
False,False,0,True,True,True,,0,0,0,0,0,0,0,Publisher-Backed,1,2018,0.75,9.99
False,False,0,True,True,True,87.0,12804,581,3241,19211,0,10,0,Self-Published,1,2018,0.979569345943558,34.99
False,False,51,True,False,False,,379,0,432,1281,0,3,32,Self-Published,1,2018,0.8228980322003577,0.49
False,False,80,True,False,False,89.0,103,0,61,26,0,0,0,Publisher-Backed,1,2018,0.8578442311983933,1.99
False,False,0,True,False,False,75.0,317,0,248,41,17,0,30,Publisher-Backed,1,2018,0.7590662417090188,19.99
False,False,0,True,False,False,,17342,0,22453,349,0,3,13,Self-Published,1,2018,0.8436354752015637,13.99
False,False,0,True,True,False,75.0,75,0,75,0,0,0,13,Self-Published,1,2013,0.7468879668049793,4.99
False,False,0,True,False,False,,192,0,199,2,0,0,27,Self-Published,1,2018,0.7439759036144579,4.99
False,False,0,True,True,True,79.0,252,0,119,1,0,1,29,Self-Published,1,2018,0.9412665985699693,19.99
False,False,0,True,False,False,,135,0,128,30,0,0,15,Self-Published,1,2018,0.9335450769606646,5.99
False,False,0,True,True,False,,250,0,154,27,0,0,56,Self-Published,1,2015,0.8464878006425285,8.99
False,False,0,True,False,False,,249,0,270,0,0,0,26,Self-Published,1,2018,0.5196629213483146,1.99
False,False,0,True,False,False,89.0,1453,154,568,2248,17,32,55,Self-Published,1,2018,0.9598105835095426,29.99
False,False,70,True,True,False,,269,0,257,57,0,1,14,Publisher-Backed,1,2018,0.9167412712623098,1.64
False,False,90,True,False,False,72.0,637,0,211,267,0,1,28,Publisher-Backed,1,2018,0.7731842057598262,3.99
False,False,0,True,True,False,,467,0,180,9,0,0,0,Self-Published,1,2018,0.9047546711225884,19.99
False,False,0,True,False,False,,268,0,271,0,0,0,0,Publisher-Backed,1,2018,0.7725631768953068,1.99
False,False,90,True,True,True,,502,41,341,1208,0,0,49,Publisher-Backed,1,2018,0.9150738507844675,1.99
False,False,0,True,True,False,,1182,0,918,188,0,0,39,Publisher-Backed,1,2018,0.9329020332717191,14.99
False,False,0,True,True,False,,926,0,617,13,0,1,20,Self-Published,1,2018,0.87312382739212,17.99
False,False,0,True,False,False,,28,0,37,4,0,0,48,Self-Published,1,2018,0.8045540796963947,9.99
False,False,0,True,False,False,,3002,1383,986,1492,0,20,170,Self-Published,1,2018,0.7237848402447314,34.99
False,False,90,True,False,False,,353,0,334,49,0,1,9,Self-Published,1,2018,0.8515546639919759,0.49
False,False,0,True,False,False,,0,0,0,0,0,0,0,Publisher-Backed,1,2018,0.6754772393538914,19.99
False,False,75,True,False,False,49.0,1219,0,157,5,0,6,0,Publisher-Backed,1,2018,0.5083996463306808,4.99
False,False,0,True,False,False,,2371,199,915,9978,0,0,54,Self-Published,1,2018,0.9581570256211474,19.99
False,False,70,True,False,False,,1529,0,1696,8,17,7,43,Self-Published,1,2018,0.7186761229314421,5.99
False,False,0,True,False,False,,548,5,417,103,17,1,60,Publisher-Backed,1,2018,0.8908333333333334,39.99
False,False,0,True,False,False,68.0,2554,1456,835,2278,0,3,294,Publisher-Backed,1,2018,0.9578889206815917,19.99
False,False,0,True,False,False,82.0,1734,42,381,1026,18,27,58,Publisher-Backed,1,2018,0.8810135395790405,49.99
False,False,90,True,True,True,,470,0,183,31,0,0,105,Self-Published,1,2018,0.8577322738386308,2.99
False,False,0,True,False,False,76.0,290,0,180,55,0,0,63,Publisher-Backed,1,2018,0.7847473784556721,19.99
False,False,80,True,False,False,,834,230,243,280,0,4,62,Publisher-Backed,1,2018,0.9112107385398981,3.99
False,False,0,True,True,True,,306,0,282,0,0,1,9,Self-Published,1,2018,0.6867088607594937,2.99
False,False,85,True,False,False,75.0,766,0,167,93,0,2,25,Publisher-Backed,1,2018,0.7263737722325458,4.49
False,False,70,True,False,False,77.0,419,0,236,12,0,7,0,Publisher-Backed,1,2018,0.9169440242057488,4.49
False,False,0,True,False,False,,510,583,299,30,0,0,9,Self-Published,1,2018,0.985869631996068,8.99
False,False,0,True,False,False,,114,0,41,8,0,0,0,Self-Published,1,2018,0.4867074527252503,7.99
False,False,85,True,False,False,,1683,1,131,241,0,0,58,Publisher-Backed,1,2018,0.743158905424868,3.74
False,False,0,True,False,False,,520,273,364,847,18,2,27,Publisher-Backed,1,2018,0.7914046121593291,59.99
False,False,0,True,True,False,,350,0,220,28,0,2,6,Self-Published,1,2018,0.8725155279503105,19.99
False,False,0,True,False,False,,691,0,460,114,0,2,70,Publisher-Backed,1,2018,0.9006001500375094,14.99
False,False,55,True,False,False,72.0,1024,0,310,20,0,21,45,Publisher-Backed,1,2018,0.9428382620188336,6.74
False,False,0,True,False,False,,1469,151,479,677,18,0,23,Self-Published,1,2018,0.9654650301214522,49.99
False,False,0,True,True,True,,200,0,212,1,0,0,23,Self-Published,1,2018,0.7400442477876106,9.99
False,False,0,True,False,False,84.0,39,0,8,0,0,0,0,Self-Published,1,2018,0.8051529790660226,4.99
False,False,0,True,False,False,,281,0,194,1,0,8,36,Publisher-Backed,1,2018,0.8296976655185611,19.99
False,False,0,True,True,True,80.0,245,0,253,11,0,1,13,Self-Published,1,2018,0.9173141891891892,9.99
False,False,0,True,False,False,,537,0,244,160,0,11,45,Publisher-Backed,1,2018,0.5663911269226745,19.99
False,False,0,True,False,False,,15689,1277,2312,37066,17,3,13,Self-Published,1,2018,0.7678035197977,49.99
False,False,0,True,True,True,,163,0,174,0,0,10,1079,Publisher-Backed,1,2018,0.6692647440893739,0.99
False,False,0,True,False,False,,185,0,40,6,0,0,18,Publisher-Backed,1,2018,0.6978540772532189,12.99
False,False,80,True,True,False,81.0,1635,0,312,929,0,0,71,Publisher-Backed,1,2018,0.9138182534989159,4.99
False,False,0,True,False,False,,2680,26,963,252,13,0,24,Publisher-Backed,1,2018,0.8218298555377207,39.99
False,False,0,True,False,False,,2017,0,467,45,0,0,180,Publisher-Backed,1,2018,0.8601398601398601,12.99
False,False,0,True,False,False,,3927,881,379,221,0,1,48,Publisher-Backed,1,2018,0.9397841661376621,39.99
False,False,0,True,False,False,90.0,36,0,40,1,0,0,0,Publisher-Backed,1,2009,0.5593869731800766,4.99
False,False,0,True,False,False,80.0,388,0,223,42,18,0,50,Publisher-Backed,1,2018,0.8726287262872628,19.99
False,False,0,True,False,False,66.0,314,0,318,12,0,0,46,Publisher-Backed,1,2019,0.7474093264248705,19.99
False,False,80,True,False,False,,234,26,336,117,0,0,0,Publisher-Backed,1,2018,0.7083708370837084,1.99
False,False,0,True,False,False,,2268,41,794,854,0,60,274,Self-Published,1,2018,0.8931538831284763,49.99
False,False,90,True,True,False,76.0,2074,0,1018,84,0,0,31,Publisher-Backed,1,2018,0.7870641169853768,2.99
False,False,50,True,False,False,,2099,118,1587,7330,0,3,55,Self-Published,1,2018,0.9604536416525518,11.99
False,False,0,True,True,True,75.0,809,0,296,128,0,8,100,Publisher-Backed,1,2018,0.8421742758374061,19.99
False,False,0,True,False,False,,1139,0,279,25,0,0,3,Self-Published,1,2018,0.9229651162790697,15.99
False,False,0,True,False,False,,1504,0,510,75,17,3,35,Publisher-Backed,1,2018,0.5720741075463173,59.99
False,False,0,True,True,False,70.0,279,0,274,1,0,0,0,Self-Published,1,2018,0.8892204401342783,4.99
False,False,0,True,False,False,,148,0,105,3,0,1,100,Self-Published,1,2018,0.8452838241570636,3.99
False,False,0,True,True,True,74.0,2299,212,253,154,0,0,100,Self-Published,1,2018,0.9175068670868336,14.99
False,False,33,True,False,False,,1818,1,571,281,0,6,38,Publisher-Backed,1,2018,0.8253087975800353,10.04
False,False,0,True,False,False,74.0,1160,877,730,173,17,9,56,Publisher-Backed,1,2018,0.8012062401024294,29.99
False,False,85,True,False,False,,645,0,268,43,0,4,71,Publisher-Backed,1,2018,0.7838332353133373,4.49
False,False,0,True,False,False,88.0,2734,42,1583,6767,17,0,34,Publisher-Backed,1,2018,0.9528510337208365,59.99
False,False,0,True,False,False,,362,0,358,0,0,0,0,Self-Published,1,2018,0.7293388429752066,14.99
False,False,65,True,False,False,,599,0,599,38,0,0,53,Self-Published,1,2018,0.9644699140401146,6.99
False,False,0,True,True,False,73.0,2192,0,1878,107,0,1,37,Self-Published,1,2018,0.7348097671777399,12.99
False,False,90,True,False,False,,235,0,223,0,0,0,0,Publisher-Backed,1,2018,0.4497907949790795,0.49
False,False,90,True,False,False,,1725,0,946,63,0,4,50,Publisher-Backed,1,2018,0.8982394029279495,3.99
False,False,0,True,True,False,,508,0,202,64,0,1,42,Publisher-Backed,1,2018,0.9145620634067706,14.99
False,False,0,True,True,True,,0,0,0,0,0,0,9,Publisher-Backed,1,2018,0.8421052631578947,4.99
False,False,75,True,False,False,81.0,935,0,251,2590,0,5,17,Publisher-Backed,1,2018,0.910574971815107,9.99
False,False,30,True,False,False,,88,0,79,46,0,0,2,Publisher-Backed,1,2018,0.9347152728139148,2.79
False,False,0,True,False,False,77.0,502,0,229,11,0,0,47,Self-Published,1,2018,0.8395624430264357,19.99
False,False,0,True,True,False,,0,0,0,0,0,0,0,Publisher-Backed,1,2018,0.4,6.99
False,False,0,True,False,False,73.0,306,0,142,15,0,3,79,Publisher-Backed,1,2018,0.8793329198539039,19.99
False,False,0,True,False,False,75.0,3015,284,600,96,0,2,40,Publisher-Backed,1,2018,0.9381276994327938,24.99
False,False,0,True,False,False,,747,144,604,71,17,15,64,Publisher-Backed,1,2018,0.5736445560644113,29.99
False,False,0,True,True,False,74.0,365,0,175,10,0,0,63,Self-Published,1,2018,0.7966183574879228,14.99
False,False,0,True,True,True,,118,0,123,6,0,2,48,Self-Published,1,2018,0.9749159865578493,9.99
False,False,0,True,False,False,68.0,671,0,233,49,17,2,50,Publisher-Backed,1,2018,0.9108905928932992,14.99
False,False,0,True,False,False,91.0,1097,0,369,193,17,0,59,Publisher-Backed,1,2018,0.9212088888888889,19.99
False,False,0,True,False,False,,127,0,71,17,0,1,30,Publisher-Backed,1,2018,0.8973073784823405,7.99
False,False,0,True,False,False,,237,0,256,1,0,0,16,Publisher-Backed,1,2018,0.750816104461371,1.99
False,False,0,True,False,False,,276,0,243,0,0,0,0,Self-Published,1,2018,0.7142857142857143,4.99
False,False,0,True,True,True,80.0,553,0,124,163,0,3,74,Publisher-Backed,1,2018,0.8024328192081412,29.99
False,False,40,True,False,False,82.0,919,0,413,47,0,0,43,Publisher-Backed,1,2018,0.905649874756471,17.99
False,False,0,True,True,True,82.0,513,0,510,0,0,1,0,Publisher-Backed,1,2018,0.9116523400191022,19.99
False,False,0,True,True,True,,285,0,212,2,0,1,14,Publisher-Backed,1,2018,0.8813056379821959,14.99
False,False,0,True,True,True,,1661,0,472,2399,0,1,83,Publisher-Backed,1,2018,0.9814664135249977,29.99
False,False,0,True,False,True,89.0,2289,20,1123,590,17,3,85,Publisher-Backed,1,2018,0.9344666217605558,14.99
False,False,0,True,False,False,,409,0,362,29,17,2,50,Publisher-Backed,1,2018,0.735870173475098,39.99
False,False,0,True,True,True,,260,0,154,1,0,0,9,Publisher-Backed,1,2018,0.8700729927007299,0.99
False,False,0,True,False,True,,289,0,274,7,0,0,13,Self-Published,1,2018,0.8896103896103896,0.99
False,False,51,True,True,True,,1078,0,112,143,0,0,100,Publisher-Backed,1,2019,0.8880020271126314,0.49
False,False,0,True,True,True,,250,0,259,19,0,1,22,Publisher-Backed,1,2018,0.0,10.99
False,False,0,True,False,False,,237,0,244,0,0,0,0,Publisher-Backed,1,2018,0.4354066985645933,1.99
False,False,0,True,False,False,,548,60,356,545,0,0,11,Self-Published,1,2018,0.9388532825220856,14.99
False,False,0,True,False,False,78.0,559,0,241,61,17,4,64,Publisher-Backed,1,2018,0.8724935732647815,29.99
False,False,0,True,False,False,62.0,354,0,172,27,0,2,165,Self-Published,1,2018,0.727378791807104,9.99
False,False,0,True,True,True,74.0,298,0,264,10,0,0,39,Self-Published,1,2018,0.8811668811668811,19.99
False,False,0,True,False,False,,0,0,0,2,0,0,24,Publisher-Backed,1,2018,0.7283950617283951,9.99
False,False,83,True,False,False,77.0,1019,0,133,26,0,7,44,Publisher-Backed,1,2018,0.8299295774647887,4.24
False,False,0,True,False,False,,322,0,160,60,0,1,48,Self-Published,1,2019,0.9006746322035276,12.99
False,False,0,True,False,False,,213,0,228,1,0,1,12,Publisher-Backed,1,2018,0.7543689320388349,14.99
False,False,0,True,False,True,,360,0,257,8,0,0,0,Publisher-Backed,1,2018,0.7020640143583607,19.99
False,False,0,True,True,True,,623,233,389,296,0,0,0,Self-Published,1,2018,0.8402078693392725,2.99
False,False,0,True,True,True,75.0,223,294,96,4,0,1,123,Self-Published,1,2013,0.7836958383284809,9.99
False,False,70,True,False,False,91.0,1716,0,566,958,0,3,80,Publisher-Backed,1,2018,0.9498599261428753,8.99
False,False,80,True,False,False,81.0,477,0,462,145,17,1,35,Publisher-Backed,1,2019,0.9344405317090194,7.99
False,False,75,True,False,False,,352,0,213,7,0,0,0,Publisher-Backed,1,2018,0.8896492728828058,4.99
False,False,0,True,True,False,63.0,164,0,220,0,0,0,52,Self-Published,1,2018,0.8651892890120036,4.99
False,False,0,True,False,False,,403,0,410,79,0,0,35,Publisher-Backed,1,2018,0.8917518140085888,29.99
False,False,30,True,True,True,,2047,475,1222,674,0,2,460,Self-Published,1,2018,0.9126809602345611,10.49
False,False,0,True,False,False,,5733,957,341,2384,0,0,12,Self-Published,1,2018,0.7183327318657524,4.99
False,False,0,True,False,False,,0,0,0,0,0,0,0,Self-Published,1,2018,0.3333333333333333,1.99
False,False,0,True,False,False,62.0,208,0,136,30,0,0,0,Self-Published,1,2018,0.9057865409344192,7.99
False,False,40,True,False,False,74.0,1175,0,345,379,0,8,54,Self-Published,1,2018,0.9199856637247436,8.99
False,False,60,True,True,True,,492,95,187,376,0,1,19,Publisher-Backed,1,2018,0.850622200099552,7.99
False,False,0,True,False,False,83.0,2549,0,2031,470,18,6,63,Publisher-Backed,1,2018,0.9442907822740665,19.99
False,False,0,True,True,True,,1736,1347,414,2575,0,4,87,Self-Published,1,2018,0.9046946480124362,19.99
False,False,0,True,False,False,,243,0,258,10,0,0,26,Publisher-Backed,1,2018,0.2432775240994419,9.99
False,False,0,True,False,False,91.0,5647,350,1605,4409,0,22,47,Publisher-Backed,1,2018,0.5407087181502588,59.99
False,False,0,True,False,False,,339,5,206,34,0,1,27,Publisher-Backed,1,2018,0.9568106312292359,19.99
False,False,25,True,False,False,,562,0,498,66,0,0,22,Self-Published,1,2018,0.7556440903054449,22.49
False,False,0,True,False,False,,58347,1238,32479,8493,0,0,0,Self-Published,1,2020,0.9242294520547946,3.99
False,False,0,True,True,True,79.0,177,0,56,0,0,1,17,Self-Published,1,2018,0.8879528222409435,9.99
False,False,0,True,False,False,69.0,1016,326,564,515,16,5,70,Self-Published,1,2018,0.7856907894736842,19.99
False,False,0,True,False,False,,345,0,200,45,0,4,125,Publisher-Backed,1,2018,0.874964234620887,19.99
False,False,0,True,False,False,82.0,842,397,201,186,17,0,44,Self-Published,1,2018,0.9195277767400157,19.99
False,False,0,True,False,False,86.0,2438,1,137,129,16,0,0,Publisher-Backed,1,2018,0.942723856420889,9.99
False,False,0,True,False,False,77.0,1369,0,217,108,0,1,50,Publisher-Backed,1,2018,0.7105766444508838,29.99
False,False,0,True,False,False,,844,0,242,7,0,3,36,Publisher-Backed,1,2018,0.8175144205558469,19.99
False,False,85,True,True,True,86.0,335,36,187,15,0,1,24,Self-Published,1,2018,0.953706675224647,2.24
False,False,67,True,False,False,82.0,1722,278,840,6851,17,22,50,Publisher-Backed,1,2018,0.8287295876003321,19.79
False,False,90,True,False,False,,338,0,303,67,0,1,500,Self-Published,1,2017,0.8329907502569374,0.49
False,False,0,True,False,False,59.0,1422,1083,432,89,0,0,36,Publisher-Backed,1,2018,0.7504364452572949,19.99
False,False,80,True,True,True,,710,80,174,269,0,0,72,Publisher-Backed,1,2018,0.9282898241875333,2.99
False,False,0,True,False,False,,304,0,74,50,0,0,0,Publisher-Backed,1,2019,0.9647384189905508,9.99
False,False,0,True,True,True,73.0,554,4,313,68,0,1,52,Publisher-Backed,1,2018,0.9324189169881412,11.99
False,False,0,True,True,True,64.0,311,0,168,4,0,10,107,Publisher-Backed,1,2018,0.7799856356236533,19.99
False,False,0,True,False,False,,374,35,235,179,0,0,0,Publisher-Backed,1,2018,0.6999455436558359,39.99
False,False,0,True,False,False,79.0,316,0,265,144,0,3,12,Publisher-Backed,1,2018,0.9179195069567654,19.96
False,False,0,True,False,False,82.0,2206,180,676,1149,18,28,50,Publisher-Backed,1,2018,0.6970774410774411,49.99
False,False,0,True,False,False,,194,0,50,23,0,0,21,Publisher-Backed,1,2018,0.9723727924462319,9.99
False,False,0,True,True,True,,421,0,293,4,0,2,31,Self-Published,1,2018,0.6543428027728694,14.99
False,False,50,True,False,False,77.0,167,0,171,5,0,0,11,Self-Published,1,2018,0.9454545454545454,12.49
False,False,0,True,False,False,69.0,812,0,295,14,17,13,43,Publisher-Backed,1,2019,0.5772397891963109,29.99
False,False,0,True,True,False,,807,0,581,123,0,3,30,Self-Published,1,2018,0.869323281278047,9.99
False,False,0,True,True,True,64.0,206,0,142,2,16,0,35,Publisher-Backed,1,2018,0.7046164526206179,9.99
False,False,50,True,True,False,82.0,688,6,403,48,0,3,30,Publisher-Backed,1,2018,0.8421085858585858,12.49
False,False,90,True,True,False,,296,0,342,2,0,1,0,Publisher-Backed,1,2018,0.6013568838460639,0.49
False,False,0,True,False,False,86.0,1309,0,970,188,17,0,0,Publisher-Backed,1,2018,0.8932950261684295,19.99
False,False,75,True,False,False,89.0,165,0,135,70,0,1,9,Publisher-Backed,1,2018,0.957272545668435,4.99
False,False,0,True,False,False,,698,95,400,112,0,0,30,Publisher-Backed,1,2018,0.8355335533553355,19.99
False,False,0,True,True,False,89.0,497,41,463,166,0,1,16,Publisher-Backed,1,2018,0.9681899641577061,19.99
False,False,0,True,True,True,,235,0,150,8,0,5,26,Self-Published,1,2018,0.9405970149253732,14.99
False,False,0,True,False,False,66.0,383,0,134,37,0,2,46,Publisher-Backed,1,2021,0.660935810984712,39.99
False,False,60,True,False,False,81.0,425,0,189,18,0,2,43,Publisher-Backed,1,2018,0.8152854162715721,7.99
False,False,0,True,True,True,,415,0,94,21,0,5,55,Publisher-Backed,1,2018,0.8225464815250647,19.99
False,False,80,True,False,False,93.0,478,0,83,65,17,0,0,Publisher-Backed,1,2018,0.934686294126054,7.39
False,False,0,True,True,False,75.0,201,0,167,2,0,1,12,Publisher-Backed,1,2018,0.8026020637056976,19.99
False,False,0,True,False,False,86.0,323,0,157,32,0,0,0,Publisher-Backed,1,2018,0.8162902816544024,6.99
False,False,0,True,False,False,,151,55,104,4,0,0,2880,Self-Published,1,2018,0.9696210983141379,1.99
False,False,0,True,True,False,82.0,205,0,124,33,0,5,25,Self-Published,1,2018,0.9795438273499029,14.99
False,False,0,True,True,False,,1322,169,726,2464,0,6,15,Self-Published,1,2018,0.9380020778156597,19.99
False,False,0,True,False,False,74.0,204,0,106,61,0,1,20,Publisher-Backed,1,2018,0.8462176165803109,19.99
False,False,0,True,False,False,,203,0,211,1,0,0,8,Publisher-Backed,1,2018,0.47214076246334313,1.99
False,False,0,True,False,False,,3108,0,499,88,0,0,0,Self-Published,1,2018,0.7730991337824832,29.99
False,False,0,True,False,False,,512,152,383,127,0,0,30,Self-Published,1,2018,0.9301457725947522,39.99
False,False,0,True,True,True,,861,0,192,1,0,1,64,Publisher-Backed,1,2018,0.8246995441359304,9.99
False,False,0,True,False,False,,991,89,964,3518,17,1,28,Publisher-Backed,1,2025,0.8717179640994878,69.99
False,False,0,True,True,True,61.0,405,0,297,2,0,2,0,Publisher-Backed,1,2018,0.40065861690450055,9.99
False,False,0,True,True,True,83.0,722,0,368,74,0,4,34,Self-Published,1,2018,0.9447089947089947,29.99
False,False,0,True,False,False,,366,0,141,15,0,0,40,Publisher-Backed,1,2018,0.9047388781431335,24.99
False,False,0,True,True,True,81.0,3367,0,803,373,0,5,73,Publisher-Backed,1,2018,0.9169844529187445,19.99
False,False,0,True,False,False,81.0,109,0,80,24,0,0,0,Publisher-Backed,1,2018,0.8919068736141907,5.99
False,False,0,True,True,False,,1815,11,1194,193,0,0,30,Self-Published,1,2018,0.7977060495330898,14.99
False,False,0,True,False,False,78.0,1710,1,836,429,17,2,50,Publisher-Backed,1,2018,0.8470724045267023,39.99
False,False,0,True,False,False,,2116,176,1241,1405,17,8,72,Publisher-Backed,1,2018,0.8865395735790632,49.99
False,False,0,True,True,False,70.0,83,0,52,1,0,1,0,Self-Published,1,2018,0.8683431952662722,11.99
False,False,0,True,False,False,84.0,237,0,142,4,0,0,31,Publisher-Backed,1,2018,0.9618573797678275,19.99
False,False,0,True,False,False,74.0,292,8,188,300,0,0,15,Publisher-Backed,1,2018,0.8611425980503288,14.99
False,False,0,True,False,False,,2101,0,414,101,0,2,52,Publisher-Backed,1,2018,0.7874168963839793,19.99
False,False,0,True,False,False,,283,0,225,1,0,1,0,Self-Published,1,2016,0.7210599721059973,1.99
False,False,0,True,False,False,81.0,1102,0,497,91,0,2,37,Publisher-Backed,1,2018,0.8640708320756615,24.99
False,False,85,True,False,False,91.0,572,43,279,601,0,0,47,Publisher-Backed,1,2018,0.9631912669210194,2.99
False,False,0,True,False,True,80.0,128,0,45,1,0,0,14,Self-Published,1,2018,0.8932882665379044,9.99
False,False,80,True,False,False,79.0,2395,302,588,200,0,2,47,Publisher-Backed,1,2018,0.8173390513854293,8.99
False,False,0,True,False,False,,314,0,57,297,0,0,58,Publisher-Backed,1,2018,0.865123236001821,9.99
False,False,0,True,False,False,,112,0,77,10,0,1,15,Publisher-Backed,1,2018,0.8817415730337078,7.99
False,False,0,True,False,False,88.0,2056,0,2344,149,0,3,87,Publisher-Backed,1,2018,0.954610405984702,29.99
False,False,0,True,False,False,,133,0,153,37,0,2,59,Self-Published,1,2018,0.6868008948545862,29.99
False,False,0,True,True,True,75.0,247,0,165,10,0,1,17,Self-Published,1,2013,0.8938916876574308,19.99
False,False,60,True,False,False,81.0,2601,547,1096,2183,18,5,24,Self-Published,1,2018,0.5695722793719545,23.99
False,False,0,True,True,True,,258,0,280,4,0,0,0,Publisher-Backed,1,2018,0.6835637480798771,8.99
False,False,0,True,True,False,81.0,1354,0,640,258,0,5,220,Self-Published,1,2018,0.9343837686164472,19.99
False,False,0,True,True,True,73.0,223,0,84,12,0,3,35,Publisher-Backed,1,2018,0.7526768843166072,19.99
False,False,0,True,False,False,,421,11,132,127,0,1,17,Publisher-Backed,1,2018,0.8359410835329494,29.99
False,False,0,True,False,False,,526,84,415,108,0,0,13,Publisher-Backed,1,2018,0.9680009175364147,19.99
False,False,0,True,False,False,78.0,506,34,413,63,17,43,45,Publisher-Backed,1,2018,0.6481222811988666,59.99
False,False,0,True,True,True,77.0,322,0,141,40,0,1,26,Publisher-Backed,1,2018,0.9168912848158132,9.99
False,False,0,True,True,True,77.0,1376,0,602,53,0,0,0,Self-Published,1,2018,0.8723665371241562,24.99
False,False,0,True,True,True,79.0,1767,424,880,428,0,7,78,Publisher-Backed,1,2018,0.881746089136356,19.99
False,False,0,True,True,False,,916,158,352,625,0,2,35,Self-Published,1,2024,0.9512735326688815,29.99
False,False,55,True,False,False,,352,0,397,4,0,1,25,Publisher-Backed,1,2018,0.9300460418832616,8.99
False,False,90,True,False,False,73.0,235,0,183,5,0,0,32,Self-Published,1,2018,0.7988795518207283,1.99
False,False,0,True,False,False,,121,0,66,20,0,1,13,Publisher-Backed,1,2018,0.9384878744650499,2.99
False,False,0,True,False,False,70.0,3549,0,239,4,0,4,52,Self-Published,1,2018,0.694600537503054,34.99
False,False,50,True,False,False,,463,0,64,4,0,1,0,Publisher-Backed,1,2018,0.4883960804538422,9.99
False,False,0,True,False,False,81.0,1637,13,523,209,0,3,46,Publisher-Backed,1,2018,0.9278622087132725,23.99
False,False,0,True,True,False,,157,0,146,51,0,1,24,Self-Published,1,2018,0.9476115069939298,5.99
False,False,0,True,True,True,83.0,80,0,60,2,17,4,50,Self-Published,1,2018,0.9494252873563218,8.99
False,False,0,True,False,False,,323,0,168,45,0,3,28,Publisher-Backed,1,2018,0.960294304198909,29.99
False,False,0,True,True,False,72.0,237,303,121,4,17,0,20,Self-Published,1,2018,0.8224489795918367,9.99
False,False,0,True,False,False,,210,0,170,14,0,3,20,Publisher-Backed,1,2018,0.9701539926972536,9.99
False,False,0,True,False,False,,574,0,562,10,0,4,89,Publisher-Backed,1,2018,0.9397389341446658,10.99
False,False,0,True,False,False,80.0,168,0,13,3,17,0,0,Publisher-Backed,1,2018,0.577040593627237,6.99
False,False,0,True,False,False,,159,0,16,3,13,0,0,Publisher-Backed,1,2018,0.8398123324396782,6.99
False,False,0,True,True,False,,233,0,216,0,0,0,11,Publisher-Backed,1,2018,0.4482758620689655,1.99
False,False,0,True,False,False,,649,0,110,24,0,1,0,Self-Published,1,2018,0.5279710548288339,9.99
False,False,72,True,False,False,,2229,0,720,633,0,2,51,Publisher-Backed,1,2018,0.8406846049046321,8.39
False,False,0,True,True,True,73.0,763,576,673,54,0,0,102,Publisher-Backed,1,2018,0.8760628703942283,19.99
False,False,82,True,True,False,,474,0,166,41,0,3,103,Publisher-Backed,1,2018,0.8082191780821918,3.59
False,False,0,True,False,False,,432,0,241,46,17,8,46,Publisher-Backed,1,2018,0.6492772001014456,59.99
False,False,0,True,False,False,68.0,164,0,168,6,0,0,16,Publisher-Backed,1,2018,0.9404809888485826,9.99
False,False,0,True,False,False,,763,0,337,37,0,0,20,Self-Published,1,2018,0.901910531220876,19.99
False,False,0,True,True,True,,753,0,851,5,0,0,37,Self-Published,1,2018,0.9115934356802541,19.99
False,False,0,True,False,False,,641,0,108,44,0,1,456,Self-Published,1,2018,0.8957849319615002,14.99
False,False,90,True,False,False,,1220,0,70,5,0,0,22,Self-Published,1,2018,0.8097120271033315,1.49
False,False,0,True,True,False,,248,0,150,2,0,0,12,Self-Published,1,2018,0.7015347334410339,14.99
False,False,0,True,True,True,77.0,796,0,563,23,0,2,68,Publisher-Backed,1,2018,0.9558692523812787,19.99
False,False,0,True,True,False,,412,0,624,4,17,1,39,Publisher-Backed,1,2018,0.8441275167785235,19.99
False,False,80,True,False,False,81.0,1286,0,282,72,0,0,0,Publisher-Backed,1,2018,0.8960716061660865,1.99
False,False,0,True,True,False,,146,0,117,0,0,0,0,Self-Published,1,2018,0.7955633980337786,9.99
False,False,0,True,False,False,77.0,3496,24,1084,2751,0,1,34,Self-Published,1,2018,0.8511842509996924,29.99
False,False,0,True,True,True,,4986,0,3375,176,0,1,30,Publisher-Backed,1,2018,0.8719126938541069,19.99
False,False,0,True,True,True,73.0,1521,0,223,20,0,1,92,Publisher-Backed,1,2018,0.9204619326220794,29.99
False,False,0,True,True,False,80.0,674,341,610,199,17,0,40,Publisher-Backed,1,2018,0.9648218970258226,14.99
False,False,0,True,False,False,67.0,319,0,230,0,0,0,0,Publisher-Backed,1,2018,0.5465116279069767,2.99
False,False,0,True,False,False,67.0,497,141,728,5,0,0,0,Self-Published,1,2018,0.7431693989071039,4.99
False,False,0,True,True,False,,1933,0,511,68,0,1,0,Publisher-Backed,1,2018,0.7558331369314164,19.99
False,False,0,True,False,False,86.0,197,0,41,0,17,0,0,Self-Published,1,2018,0.6027272727272728,9.99
False,False,0,True,False,False,,186,0,141,1,0,0,8,Self-Published,1,2018,0.9524242818146367,4.99
False,False,0,True,True,False,,1037,0,848,38,0,3,62,Self-Published,1,2018,0.9320652173913043,9.99
False,False,0,True,False,False,,300,0,67,37,17,0,0,Publisher-Backed,1,2018,0.9160146061554513,9.99
False,False,0,True,False,False,,1187,0,420,103,0,1,105,Publisher-Backed,1,2018,0.8609677082244749,29.99
False,False,0,True,False,False,,403,0,30,54,0,0,0,Publisher-Backed,1,2018,0.8996005326231691,4.99
False,False,0,True,False,False,68.0,294,0,180,18,0,10,60,Self-Published,1,2018,0.8420954511558538,49.99
False,False,0,True,False,False,,139,0,99,15,0,8,12,Publisher-Backed,1,2018,0.9550261179768124,9.99
False,False,0,True,False,False,,256,222,242,7,0,0,0,Self-Published,1,2018,0.8532721010332951,2.99
False,False,0,True,False,False,58.0,557,36,260,17,17,4,56,Publisher-Backed,1,2018,0.8456260720411664,39.99
False,False,85,True,False,False,,367,0,380,18,0,0,37,Publisher-Backed,1,2018,0.6621043627031651,2.69
False,False,51,True,True,True,,268,0,271,0,0,0,24,Publisher-Backed,1,2018,0.6696165191740413,0.49
False,False,60,True,False,False,,89,9,54,41,0,0,12,Self-Published,1,2018,0.8925879396984925,5.99
False,False,0,True,False,False,,695,0,394,119,0,1,50,Self-Published,1,2018,0.7558259333758525,24.99
False,False,0,True,False,False,,1427,0,1198,77,0,1,62,Publisher-Backed,1,2018,0.9654438098925564,49.99
False,False,0,True,False,False,70.0,3472,0,322,269,0,0,0,Publisher-Backed,1,2018,0.9248713550600343,9.99
False,False,0,True,False,False,73.0,366,0,78,10,17,0,0,Publisher-Backed,1,2018,0.8120545713703929,19.99
False,False,0,True,False,False,81.0,1805,181,480,2784,0,35,112,Publisher-Backed,1,2018,0.8117651747638596,59.99
False,False,0,True,False,False,,337,0,211,0,0,0,4,Self-Published,1,2018,0.5344262295081967,0.99
False,False,0,True,False,False,80.0,728,5,277,528,0,2,98,Publisher-Backed,1,2018,0.891097543660372,39.99
False,False,0,True,False,False,82.0,1152,0,188,208,0,0,0,Self-Published,1,2018,0.8750328860826099,14.99
False,False,0,True,False,False,75.0,1687,462,695,827,17,2,77,Self-Published,1,2018,0.6638264543232146,29.99
False,False,0,True,False,False,,234,0,227,0,0,0,45,Publisher-Backed,1,2018,0.7234375,1.99
False,False,0,True,False,False,,227,0,211,0,0,0,0,Publisher-Backed,1,2018,0.32684824902723736,3.99
False,False,0,True,False,False,84.0,458,343,130,78,0,1,18,Publisher-Backed,1,2018,0.9375837128315028,19.99
False,False,0,True,True,False,,78,0,85,0,0,0,7,Self-Published,1,2018,0.5380894800483675,4.99
False,False,0,True,True,False,81.0,771,0,139,138,0,0,0,Publisher-Backed,1,2018,0.9605124340617935,9.99
False,False,0,True,False,False,,919,325,769,925,0,1,81,Publisher-Backed,1,2024,0.7894358605821057,29.99
False,False,0,True,False,True,80.0,923,9,121,238,0,0,54,Self-Published,1,2018,0.9166556481114196,9.99
False,False,0,True,False,False,,320,0,188,11,0,0,294,Publisher-Backed,1,2018,0.7736248236953456,15.99
False,False,0,True,False,False,,90,0,114,4,0,0,0,Self-Published,1,2009,0.8310090237899918,4.99
False,False,70,True,True,False,86.0,547,0,97,37,0,0,0,Publisher-Backed,1,2018,0.9399766899766899,5.99
False,False,0,True,False,False,64.0,993,0,1465,1,0,0,123,Self-Published,1,2018,0.5016181229773463,19.99
False,False,0,True,False,False,,328,0,198,121,0,8,46,Self-Published,1,2018,0.8207131218249785,19.99
False,False,87,True,False,False,72.0,1228,33,467,92,17,5,67,Publisher-Backed,1,2017,0.7520774358506073,1.94
False,False,0,True,True,True,83.0,529,0,129,5,0,1,18,Publisher-Backed,1,2018,0.9164785553047404,24.99
False,False,75,True,True,False,81.0,213,0,177,17,0,2,26,Publisher-Backed,1,2018,0.9435341567935468,4.99
False,False,0,True,False,False,,1565,0,1155,144,0,0,37,Publisher-Backed,1,2018,0.8575418994413407,19.99
False,False,0,True,False,False,93.0,1797,24,1528,1380,17,0,37,Publisher-Backed,1,2018,0.9600612592316017,49.99
False,False,0,True,True,False,66.0,336,0,195,15,17,3,41,Publisher-Backed,1,2018,0.7022738842694722,19.99
False,False,0,True,True,True,,1503,68,488,49,0,0,29,Self-Published,1,2018,0.815242494226328,12.99
False,False,0,True,True,False,,4926,597,860,1748,0,3,0,Publisher-Backed,1,2018,0.8603926250165804,14.99
False,False,0,True,False,False,,393,0,391,22,0,2,29,Publisher-Backed,1,2018,0.884804265469342,29.99
False,False,0,True,False,False,89.0,941,0,407,22,17,0,0,Publisher-Backed,1,2018,0.9367165632225873,29.99
False,False,0,True,False,False,,601,0,170,370,0,8,27,Publisher-Backed,1,2018,0.8296943231441049,29.99
False,False,0,True,False,False,75.0,382,0,178,18,17,7,56,Publisher-Backed,1,2018,0.5908017089721035,29.99
False,False,0,True,True,True,76.0,1395,0,1959,5,0,2,17,Publisher-Backed,1,2018,0.6213692946058091,14.99
False,False,30,True,True,False,,75,0,84,175,0,1,122,Publisher-Backed,1,2018,0.9355163727959698,13.99
False,False,0,True,False,False,,351,0,262,0,0,0,0,Self-Published,1,2018,0.598705501618123,0.99
False,False,0,True,True,False,,321,1,360,22,0,2,22,Publisher-Backed,1,2018,0.6992273730684326,19.99
False,False,93,True,True,True,78.0,1538,5,646,43,0,5,61,Publisher-Backed,1,2018,0.8379149377593361,1.74
False,False,75,True,True,False,93.0,2256,211,1062,2253,0,1,49,Self-Published,1,2018,0.9824409006902813,6.24
False,False,0,True,False,False,72.0,1450,0,706,63,0,4,198,Publisher-Backed,1,2018,0.6964792257633906,39.99
False,False,0,True,False,False,67.0,142,0,73,2,0,0,23,Publisher-Backed,1,2018,0.7111247695144438,19.99
False,False,75,True,True,True,,0,0,0,0,17,0,0,Self-Published,1,2018,0.7919799498746867,3.24
False,False,0,True,False,False,78.0,830,0,278,83,0,79,46,Publisher-Backed,1,2018,0.8461337024428566,19.99
False,False,0,True,True,False,78.0,221,0,214,5,0,0,31,Publisher-Backed,1,2018,0.922418405564473,14.99
False,False,0,True,False,False,,215,0,211,0,0,0,0,Publisher-Backed,1,2018,0.41771315267680104,1.99
False,False,0,True,True,True,77.0,365,0,202,182,0,2,53,Publisher-Backed,1,2018,0.9334190369061011,19.99
False,False,0,True,False,False,85.0,263,0,26,24,17,0,0,Publisher-Backed,1,2018,0.8006902502157032,9.99
False,False,0,True,False,False,,1839,309,327,873,0,3,34,Publisher-Backed,1,2018,0.7747722793373462,29.99
False,False,0,True,True,False,83.0,120,0,163,1,0,0,13,Self-Published,1,2018,0.946003176283748,5.99
False,False,0,True,False,False,68.0,448,0,201,16,0,1,73,Publisher-Backed,1,2018,0.8221374045801527,18.99
False,False,0,True,True,False,,236,0,231,6,0,3,39,Publisher-Backed,1,2018,0.8885456001830873,49.99
False,False,67,True,True,False,,551,0,253,16,0,2,51,Publisher-Backed,1,2018,0.8199038733389878,4.94
False,False,0,True,False,False,,1210,489,596,1663,0,20,35,Self-Published,1,2018,0.8311075293575869,29.99
False,False,0,True,True,False,,1881,49,1270,1363,17,3,53,Self-Published,1,2018,0.9209488425264362,59.99
False,False,0,True,False,False,69.0,724,0,282,10,0,9,49,Publisher-Backed,1,2018,0.6919552867876122,14.99
False,False,0,True,False,False,,663,0,215,367,0,1,74,Self-Published,1,2018,0.9835964793906407,19.99
False,False,0,True,False,True,88.0,7414,407,366,6187,0,0,147,Self-Published,1,2018,0.9626414390289408,9.99
False,False,0,True,False,False,,314,0,193,44,0,0,11,Self-Published,1,2018,0.910453727763342,19.99
False,False,0,True,False,False,,437,0,698,175,0,0,0,Self-Published,1,2018,0.9148053605615827,19.99
False,False,0,True,False,False,,622,128,264,39,0,0,0,Publisher-Backed,1,2018,0.9528979966355712,19.99
False,False,0,True,False,False,,214,0,161,3,0,0,2975,Publisher-Backed,1,2018,0.8139737991266376,0.99
False,False,0,True,False,False,,497,16,434,109,0,0,0,Publisher-Backed,1,2018,0.0,2.99
False,False,75,True,False,False,,1001,0,736,274,0,2,50,Publisher-Backed,1,2018,0.9755654783690798,7.49
False,False,0,True,False,False,,319,142,179,28,0,1,14,Publisher-Backed,1,2018,0.7756352087114338,24.99
False,False,0,True,True,False,76.0,80,0,38,4,0,1,31,Publisher-Backed,1,2018,0.785958904109589,19.99
False,False,51,True,False,False,,236,0,238,0,0,3,15,Self-Published,1,2018,0.5267175572519084,0.49
False,False,90,True,False,False,73.0,127,0,27,20,17,0,0,Self-Published,1,2018,0.7180938900684124,0.79
False,False,0,True,False,False,71.0,111,0,219,7,0,0,0,Publisher-Backed,1,2018,0.6518375241779497,6.99
False,False,30,True,False,False,,1137,2553,367,806,0,1,26,Publisher-Backed,1,2018,0.7903756512201809,17.49
False,False,0,True,False,False,,170,0,326,0,0,2,179,Publisher-Backed,1,2018,0.804,14.99
False,False,0,True,False,False,,165,0,147,0,0,1,10,Self-Published,1,2018,0.7933901918976546,12.99
False,False,0,True,True,True,,602,0,424,157,0,0,0,Publisher-Backed,1,2018,0.779965257672264,8.99
False,False,0,True,False,False,,1250,0,397,56,0,0,17,Publisher-Backed,1,2018,0.6990163934426229,29.99
False,False,0,True,True,False,68.0,193,0,139,0,0,0,0,Self-Published,1,2014,0.8708430007733952,19.99
False,False,0,True,False,False,,1303,0,288,145,0,2,34,Self-Published,1,2018,0.7307692307692307,19.99
False,False,10,True,True,False,,251,0,243,0,0,0,32,Self-Published,1,2018,0.6929824561403509,0.89
False,False,50,True,False,False,,1337,0,1310,27,0,2,46,Self-Published,1,2018,0.7657512116316639,14.99
False,False,0,True,True,False,88.0,1349,74,444,2080,0,3,42,Self-Published,1,2018,0.9628495731527819,19.99
False,False,90,True,True,True,76.0,250,0,108,16,0,1,24,Self-Published,1,2018,0.9392312385600976,0.99
False,False,85,True,False,False,,1125,45,249,99,0,0,12,Publisher-Backed,1,2018,0.9475583864118896,2.24
False,False,0,True,False,False,,1877,3,643,374,0,1,78,Self-Published,1,2020,0.8659395772797834,14.99
False,False,0,True,False,False,,0,0,0,0,0,0,52,Self-Published,1,2018,0.5555555555555556,24.99
False,False,80,True,True,False,,340,0,426,2,0,2,26,Publisher-Backed,1,2018,0.6698997736825089,4.99
False,False,0,True,True,True,,144,0,187,0,0,0,9,Publisher-Backed,1,2018,0.6492985971943888,1.99
False,False,0,True,False,True,,212,65,136,793,0,0,16,Publisher-Backed,1,2018,0.9602683664604724,2.99
False,False,0,True,True,False,,265,0,272,5,0,0,24,Publisher-Backed,1,2018,0.9047835990888383,4.99
False,False,0,True,False,False,,169,0,28,10,17,0,0,Publisher-Backed,1,2018,0.9341836734693878,4.99
False,False,0,True,False,False,77.0,2016,71,461,1479,0,9,0,Publisher-Backed,1,2019,0.9253267596230388,39.99
False,False,0,True,False,False,77.0,302,0,47,1,0,2,35,Publisher-Backed,1,2018,0.8791808873720136,19.99
False,False,0,True,True,True,81.0,183,0,146,10,0,0,21,Self-Published,1,2017,0.9329094863643969,4.99
False,False,0,True,False,False,,2268,465,1510,1297,17,5,72,Publisher-Backed,1,2018,0.8091966081958991,59.99
False,False,80,True,False,False,91.0,1013,0,541,655,0,0,64,Publisher-Backed,1,2018,0.9608223089923655,3.99
False,False,0,True,False,False,,1397,0,1310,205,0,3,44,Publisher-Backed,1,2018,0.9300810424280948,19.99
False,False,0,True,True,True,87.0,2154,297,1073,4953,17,41,78,Self-Published,1,2018,0.9520466226138032,24.99
False,False,0,True,False,False,,619,0,397,0,0,0,0,Self-Published,1,2018,0.7782705099778271,4.99
False,False,75,True,True,True,83.0,107,0,116,22,0,1,14,Publisher-Backed,1,2018,0.9690441330265634,4.99
False,False,0,True,False,False,,190,0,211,0,0,0,0,Publisher-Backed,1,2018,0.41055718475073316,1.99
False,False,0,True,False,True,53.0,662,0,610,0,0,0,50,Publisher-Backed,1,2018,0.7368212445501388,19.99
False,False,0,True,False,False,78.0,216,0,155,1,0,1,31,Publisher-Backed,1,2017,0.9027367592045679,29.99
False,False,75,True,True,True,80.0,2205,438,273,2330,17,5,452,Self-Published,1,2018,0.7895561119963579,4.99
False,False,0,True,False,False,,860,0,220,297,0,0,20,Publisher-Backed,1,2018,0.97114410063793,9.99
False,False,0,True,True,True,,1258,0,1556,134,0,2,320,Publisher-Backed,1,2018,0.9440870856011875,19.99
False,False,0,True,True,False,,2112,0,2112,28,0,0,20,Self-Published,1,2018,0.7981029810298103,9.99
False,False,0,True,False,False,,423,0,415,112,0,0,32,Self-Published,1,2018,0.9661163454058259,2.99
False,False,0,True,True,False,80.0,412,83,199,364,17,0,65,Publisher-Backed,1,2018,0.8231982561831694,19.99
False,False,0,True,True,True,,4713,0,2728,169,0,0,0,Self-Published,1,2018,0.8967136150234741,29.99
False,False,35,True,False,False,,4436,799,2512,4116,0,4,169,Publisher-Backed,1,2023,0.5328836127941383,12.99
False,False,0,True,False,False,,206,0,213,2,0,2,48,Self-Published,1,2018,0.7590879759087976,2.99
False,False,0,True,False,False,,108,0,111,23,0,2,11,Self-Published,1,2018,0.9199457259158752,14.99
False,False,0,True,False,False,,219,0,215,0,0,1,27,Publisher-Backed,1,2018,0.7764900662251656,1.99
False,False,0,True,False,False,,640,416,448,50,0,1,38,Self-Published,1,2018,0.9684959838391611,19.99
False,False,0,True,False,False,81.0,305,0,151,22,0,13,54,Publisher-Backed,1,2018,0.7435037720033529,29.99
False,False,84,True,False,False,85.0,3654,614,477,511,0,29,35,Publisher-Backed,1,2018,0.9041054593290945,9.59
False,False,75,True,False,False,,279,0,266,27,0,2,41,Self-Published,1,2018,0.911492948614038,6.24
False,False,0,True,True,True,70.0,2757,0,358,1,0,0,20,Self-Published,1,2014,0.7727272727272727,9.99
False,False,0,True,False,False,,393,0,343,42,0,22,40,Publisher-Backed,1,2018,0.883565923765882,49.99
False,False,0,True,False,False,,1394,0,765,158,0,6,57,Publisher-Backed,1,2018,0.9370393820438141,39.99
False,False,0,True,False,True,72.0,590,66,93,95,17,0,0,Publisher-Backed,1,2018,0.7534447376136031,9.99
False,False,0,True,False,False,,221,0,91,5,0,0,0,Publisher-Backed,1,2018,0.4971751412429379,9.99
False,False,0,True,False,False,,640,0,318,54,13,2,31,Self-Published,1,2018,0.5876826722338204,19.99
False,False,51,True,False,False,,40,0,17,0,0,3,100,Self-Published,1,2018,0.906688241639698,0.49
False,False,0,True,True,True,76.0,663,0,241,15,0,4,48,Self-Published,1,2018,0.9304564907275321,19.99
False,False,0,True,False,False,,220,0,211,0,0,0,0,Publisher-Backed,1,2018,0.5567567567567567,1.99
False,False,0,True,False,False,77.0,4172,0,1311,111,0,0,0,Publisher-Backed,1,2018,0.47626546681664794,9.99
False,False,0,True,False,False,82.0,948,37,256,112,0,0,18,Publisher-Backed,1,2018,0.9661087431125897,12.99
False,False,0,True,False,False,89.0,1496,26,312,71,0,0,42,Publisher-Backed,1,2018,0.8955491387035747,29.99
False,False,80,True,True,True,79.0,695,0,178,24,0,5,61,Self-Published,1,2018,0.870351345798233,3.99
False,False,0,True,True,False,,146,6,70,110,0,6,16,Self-Published,1,2018,0.9023045105377191,5.99
False,False,0,True,False,False,74.0,2096,0,223,179,0,57,0,Publisher-Backed,1,2018,0.7909191583610188,49.99
False,False,0,True,True,True,,4571,876,1699,14439,0,1,0,Publisher-Backed,1,2018,0.9432264699056475,19.99
False,False,0,True,True,False,,105,0,84,92,0,3,20,Self-Published,1,2018,0.9284449690174092,1.99
False,False,0,True,True,False,,116,0,114,3,0,0,28,Self-Published,1,2015,0.8981481481481481,19.99
False,False,0,True,False,True,,424,88,296,90,0,1,29,Self-Published,1,2018,0.9276595744680851,9.99
False,False,0,True,False,False,,580,0,544,199,0,0,0,Self-Published,1,2018,0.4774447471995156,29.99
False,False,80,True,False,False,,106,0,56,0,0,1,4,Self-Published,1,2018,0.5114135206321334,0.99
False,False,0,True,False,False,,252,0,243,0,0,1,0,Publisher-Backed,1,2018,0.6887966804979253,0.99
False,False,0,True,False,False,,647,0,152,3,0,2,36,Publisher-Backed,1,2018,0.5630630630630631,9.99
False,False,0,True,False,False,76.0,513,331,450,210,17,0,45,Self-Published,1,2018,0.8832554322617476,19.99
False,False,0,True,False,False,91.0,4512,0,3000,197,0,4,38,Publisher-Backed,1,2018,0.8844192762386066,39.99
False,False,0,True,False,False,89.0,4594,944,3697,7073,18,10,83,Publisher-Backed,1,2018,0.9408034239815511,59.99
False,False,0,True,False,False,81.0,1248,151,433,328,0,14,20,Publisher-Backed,1,2018,0.8812440117046897,29.99
False,False,30,True,False,False,,297,0,401,126,0,2,28,Publisher-Backed,1,2018,0.8696522391793845,20.99
False,False,0,True,False,False,,419,0,209,164,0,1,49,Publisher-Backed,1,2018,0.7420641005980678,39.99
False,False,0,True,False,False,,249,36,150,167,0,0,83,Publisher-Backed,1,2018,0.9090225563909774,29.99
False,False,0,True,True,False,,2843,0,927,27,0,0,140,Publisher-Backed,1,2018,0.8564991334488735,19.99
False,False,0,True,False,False,,0,0,0,0,0,0,0,Publisher-Backed,1,2018,1.0,0.99
False,False,0,True,False,False,88.0,426,369,137,87,17,0,0,Publisher-Backed,1,2010,0.9368800188946622,9.99
False,False,0,True,False,False,81.0,1458,0,561,527,17,4,68,Publisher-Backed,1,2018,0.908141702921069,39.99
False,False,0,True,True,False,,3301,0,2009,28,0,3,251,Self-Published,1,2018,0.9283101682516459,17.99
False,False,0,True,False,False,,1674,174,168,5667,0,0,0,Self-Published,1,2018,0.8934024429443909,6.99
False,False,0,True,False,False,,1292,0,1337,10,0,2,32,Self-Published,1,2018,0.8247850578120368,24.99
False,False,0,True,False,False,,0,0,0,0,0,0,8,Self-Published,1,2018,1.0,3.99
